repo,stars,age_days,age_years,merged_prs,releases,days_since_update,language,closed_issues,total_issues,closed_issue_ratio
freeCodeCamp/freeCodeCamp,437970,4093,11.21,27794,0,0,TypeScript,20987,21160,0.9918
public-apis/public-apis,405910,3640,9.97,1872,0,18,Python,832,839,0.9917
EbookFoundation/free-programming-books,383860,4532,12.41,7336,0,0,Python,1228,1264,0.9715
kamranahmedse/developer-roadmap,350607,3281,8.98,4086,1,0,TypeScript,3083,3088,0.9984
donnemartin/system-design-primer,338171,3298,9.03,205,0,0,Python,116,360,0.3222
openclaw/openclaw,289301,105,0.29,2962,63,0,TypeScript,10620,16905,0.6282
vinta/awesome-python,286385,4272,11.7,641,0,5,Python,0,0,
facebook/react,243811,4672,12.79,12774,118,4,JavaScript,13579,14390,0.9436
TheAlgorithms/Python,218508,3523,9.65,3064,0,0,Python,1540,1704,0.9038
vuejs/vue,210001,4606,12.61,1136,249,515,TypeScript,9669,10028,0.9642
ossu/computer-science,202312,4327,11.85,305,0,5,HTML,655,669,0.9791
trekhleb/javascript-algorithms,195801,2907,7.96,304,0,19,JavaScript,234,372,0.629
tensorflow/tensorflow,194107,3775,10.34,42339,222,0,C++,40303,41201,0.9782
ohmyzsh/ohmyzsh,185247,6036,16.53,3516,0,1,Shell,4892,5034,0.9718
microsoft/vscode,182519,3839,10.51,43431,199,0,TypeScript,219093,232643,0.9418
Significant-Gravitas/AutoGPT,182304,1089,2.98,3989,94,0,Python,3513,3742,0.9388
jackfrued/Python-100-Days,179439,2930,8.02,13,0,12,Jupyter Notebook,188,711,0.2644
n8n-io/n8n,178320,2452,6.71,14163,550,0,TypeScript,7806,8257,0.9454
flutter/flutter,175474,4020,11.01,46967,7,0,Dart,100316,112492,0.8918
twbs/bootstrap,174046,5336,14.61,9123,94,0,MDX,22540,22848,0.9865
massgravel/Microsoft-Activation-Scripts,168204,2247,6.15,6,29,0,Batchfile,909,911,0.9978
avelino/awesome-go,166995,4264,11.67,3612,0,0,Go,713,727,0.9807
ollama/ollama,164622,986,2.7,3082,189,0,Go,7520,9530,0.7891
AUTOMATIC1111/stable-diffusion-webui,161612,1295,3.55,1884,27,7,Python,5487,7890,0.6954
huggingface/transformers,157653,2688,7.36,18770,244,0,Python,17614,18681,0.9429
Snailclimb/JavaGuide,154137,2863,7.84,1216,0,0,Java,1060,1133,0.9356
DigitalPlatDev/FreeDomain,151524,648,1.77,1,0,6,HTML,0,0,
f/prompts.chat,151123,1190,3.26,201,0,0,HTML,128,132,0.9697
yt-dlp/yt-dlp,150346,1960,5.37,3228,131,6,Python,9306,11140,0.8354
airbnb/javascript,148108,4875,13.35,813,0,13,JavaScript,1302,1404,0.9274
521xueweihan/HelloGitHub,145429,3596,9.85,17,63,9,Python,2681,2967,0.9036
langflow-ai/langflow,145418,1124,3.08,5807,285,0,Python,2825,3172,0.8906
ytdl-org/youtube-dl,139835,5608,15.35,1646,341,18,Python,23190,26819,0.8647
vercel/next.js,138265,3441,9.42,26172,1000,0,JavaScript,22270,24318,0.9158
yangshun/tech-interview-handbook,138051,3534,9.68,486,0,42,TypeScript,77,121,0.6364
Genymobile/scrcpy,136714,3030,8.3,123,50,11,C,3287,5962,0.5513
golang/go,133019,4220,11.55,1,0,0,Go,61020,70458,0.866
langgenius/dify,131772,1062,2.91,9766,158,0,TypeScript,16395,16781,0.977
microsoft/PowerToys,130347,2504,6.86,6366,127,0,C#,30197,38302,0.7884
langchain-ai/langchain,128821,1239,3.39,16069,1000,0,Python,8879,9128,0.9727
Chalarangelo/30-seconds-of-code,127007,3022,8.27,836,12,4,JavaScript,300,300,1.0
open-webui/open-webui,126404,884,2.42,3367,154,0,Python,7684,7837,0.9805
facebook/react-native,125532,4077,11.16,959,445,0,C++,26831,27582,0.9728
krahets/hello-algo,122878,1221,3.34,968,10,45,Java,274,282,0.9716
kubernetes/kubernetes,121058,4293,11.75,64041,784,0,Go,46809,48647,0.9622
electron/electron,120393,4714,12.91,24591,1000,0,C++,20747,21482,0.9658
ripienaar/free-for-dev,119313,4008,10.97,2901,0,0,HTML,0,0,
anomalyco/opencode,118948,312,0.85,2638,734,0,TypeScript,5213,10113,0.5155
excalidraw/excalidraw,118381,2258,6.18,3844,14,0,TypeScript,2564,4652,0.5512
nodejs/node,116194,4120,11.28,11908,486,0,JavaScript,18343,20097,0.9127
iptv-org/iptv,112644,2671,7.31,6827,0,0,TypeScript,21719,22113,0.9822
d3/d3,112500,5642,15.45,494,194,97,Shell,2229,2239,0.9955
mrdoob/three.js,111257,5829,15.96,15247,175,0,JavaScript,13068,13512,0.9671
rust-lang/rust,111117,5744,15.73,69626,147,0,Rust,50493,61643,0.8191
shadcn-ui/ui,109054,1160,3.18,1027,78,0,TypeScript,2960,3941,0.7511
rustdesk/rustdesk,108928,1988,5.44,3947,36,0,Rust,3949,4010,0.9848
axios/axios,108617,4220,11.55,1136,109,1,JavaScript,4758,4960,0.9593
microsoft/TypeScript,108072,4283,11.73,14857,215,0,TypeScript,37986,42965,0.8841
microsoft/generative-ai-for-beginners,107729,994,2.72,542,0,0,Jupyter Notebook,206,208,0.9904
godotengine/godot,107563,4447,12.18,41462,66,0,C++,48316,61333,0.7878
GrowingGit/GitHub-Chinese-Top-Charts,106712,2377,6.51,0,0,513,Java,162,343,0.4723
denoland/deno,106369,2855,7.82,14332,368,0,Rust,11621,13966,0.8321
Comfy-Org/ComfyUI,105373,1147,3.14,2225,126,0,Python,4536,7996,0.5673
goldbergyoni/nodebestpractices,105162,3097,8.48,766,0,327,Dockerfile,286,335,0.8537
fatedier/frp,105038,3731,10.21,758,109,0,Go,4023,4062,0.9904
papers-we-love/papers-we-love,103941,4467,12.23,439,0,15,Shell,246,248,0.9919
tauri-apps/tauri,103874,2431,6.66,5402,0,0,Rust,4915,6173,0.7962
facebook/create-react-app,103824,3522,9.64,1949,83,387,JavaScript,6574,8423,0.7805
microsoft/terminal,102089,3131,8.57,4379,148,2,C++,12169,13820,0.8805
deepseek-ai/DeepSeek-V3,101971,438,1.2,25,1,193,Python,682,731,0.933
clash-verge-rev/clash-verge-rev,101489,838,2.29,757,62,0,TypeScript,4843,5012,0.9663
Shubhamsaboo/awesome-llm-apps,101149,679,1.86,171,0,1,Python,124,124,1.0
angular/angular,100138,4190,11.47,5696,611,0,TypeScript,29380,30384,0.967
jaywcjlove/awesome-mac,99740,3522,9.64,1084,13,0,JavaScript,379,514,0.7374
supabase/supabase,98786,2340,6.41,15632,26,0,TypeScript,4984,5253,0.9488
Anduin2017/HowToCook,98642,2200,6.02,616,4,2,Dockerfile,364,827,0.4401
2dust/v2rayN,98287,2414,6.61,398,300,1,C#,6600,6610,0.9985
pytorch/pytorch,98115,3495,9.57,6432,64,0,Python,41110,57181,0.7189
mui/material-ui,98058,4220,11.55,21496,558,0,TypeScript,18755,20351,0.9216
ant-design/ant-design,97733,3972,10.87,17097,741,0,TypeScript,31140,32415,0.9607
ggml-org/llama.cpp,97360,1094,3.0,7529,1000,0,C++,6736,7181,0.938
neovim/neovim,97117,4420,12.1,17760,48,0,Vim Script,12119,13757,0.8809
google-gemini/gemini-cli,97022,326,0.89,5341,398,0,TypeScript,8823,10946,0.806
fastapi/fastapi,96067,2648,7.25,3172,269,2,Python,3495,3506,0.9969
openai/whisper,95685,1269,3.47,119,13,84,Python,0,0,
nvbn/thefuck,95641,3988,10.92,481,17,598,Python,477,774,0.6163
microsoft/Web-Dev-For-Beginners,95400,1945,5.33,667,0,2,JavaScript,387,426,0.9085
immich-app/immich,94416,1495,4.09,8743,287,0,TypeScript,7511,8026,0.9358
ryanmcdermott/clean-code-javascript,94313,3390,9.28,149,0,588,JavaScript,165,245,0.6735
tailwindlabs/tailwindcss,94009,3076,8.42,3303,300,0,TypeScript,4721,4774,0.9889
iluwatar/java-design-patterns,93800,4230,11.58,1520,0,7,Java,839,978,0.8579
puppeteer/puppeteer,93774,3225,8.83,5839,646,0,TypeScript,7065,7325,0.9645
nvm-sh/nvm,92150,5807,15.9,741,71,17,Shell,2062,2394,0.8613
microsoft/markitdown,90436,480,1.31,170,18,16,Python,84,388,0.2165
PanJiaChen/vue-element-admin,90284,3248,8.89,311,49,501,Vue,2357,3613,0.6524
firecrawl/firecrawl,90086,692,1.89,1376,32,0,TypeScript,781,824,0.9478
storybookjs/storybook,89405,3643,9.97,12310,1000,0,TypeScript,12053,14164,0.851
bitcoin/bitcoin,88415,5559,15.22,16188,63,0,C++,8656,9017,0.96
gin-gonic/gin,88271,4283,11.73,1224,29,5,Go,1786,2383,0.7495
anthropics/skills,88128,168,0.46,22,0,2,Python,25,155,0.1613
oven-sh/bun,88024,1790,4.9,7190,210,0,Zig,10941,15798,0.6926
rasbt/LLMs-from-scratch,87530,959,2.63,483,0,1,Jupyter Notebook,218,218,1.0
ChatGPTNextWeb/NextChat,87449,1094,3.0,894,77,97,TypeScript,2899,3582,0.8093
django/django,87058,5063,13.86,10335,0,0,Python,0,0,
gohugoio/hugo,86979,4631,12.68,3245,365,0,Go,7800,8039,0.9703
mermaid-js/mermaid,86597,4145,11.35,2590,184,0,TypeScript,2212,3579,0.618
opencv/opencv,86513,4981,13.64,13505,67,3,C++,8866,11442,0.7749
sveltejs/svelte,86076,3395,9.3,6528,607,0,JavaScript,8013,8928,0.8975
home-assistant/core,85235,4556,12.47,82689,1000,0,Python,65464,68414,0.9569
3b1b/manim,85072,4004,10.96,661,13,24,Python,766,1224,0.6258
microsoft/ML-For-Beginners,84226,1832,5.02,446,0,4,Jupyter Notebook,158,159,0.9937
laravel/laravel,83973,5388,14.75,1670,211,0,Blade,0,0,
louislam/uptime-kuma,83852,1710,4.68,1693,125,0,JavaScript,4006,4665,0.8587
microsoft/playwright,83828,2305,6.31,16290,158,0,TypeScript,16517,17109,0.9654
macrozheng/mall,83079,2896,7.93,1,3,3,Java,490,500,0.98
realworld-apps/realworld,82958,3663,10.03,434,0,3,TypeScript,513,545,0.9413
animate-css/animate.css,82617,5262,14.41,315,22,587,CSS,843,883,0.9547
bregman-arie/devops-exercises,81432,2349,6.43,309,0,72,Python,70,104,0.6731
tonsky/FiraCode,81257,4135,11.32,142,29,5,Clojure,960,1380,0.6957
syncthing/syncthing,80653,4486,12.28,2838,462,0,Go,5488,5861,0.9364
modelcontextprotocol/servers,80621,475,1.3,1181,24,1,TypeScript,564,849,0.6643
astral-sh/uv,80572,888,2.43,8547,260,0,Rust,6265,8628,0.7261
spring-projects/spring-boot,80246,4889,13.39,42,339,0,Java,40990,41499,0.9877
browser-use/browser-use,80019,494,1.35,1671,118,0,Python,1297,1406,0.9225
hacksider/Deep-Live-Cam,79921,897,2.46,98,10,3,Python,1035,1116,0.9274
fighting41love/funNLP,79287,2757,7.55,14,0,668,Python,48,85,0.5647
doocs/advanced-java,78892,2711,7.42,89,1,46,Java,147,148,0.9932
vitejs/vite,78730,2148,5.88,6071,660,0,TypeScript,7901,8355,0.9457
anuraghazra/github-readme-stats,78661,2069,5.66,1568,0,6,JavaScript,1229,1385,0.8874
junegunn/fzf,78492,4520,12.38,644,76,0,Go,2850,3104,0.9182
hoppscotch/hoppscotch,78250,2392,6.55,2038,99,0,TypeScript,1771,2344,0.7555
netdata/netdata,78004,4647,12.72,11762,132,0,C,8052,8203,0.9816
tensorflow/models,77692,3685,10.09,2342,51,2,Python,6240,7324,0.852
nomic-ai/gpt4all,77204,1077,2.95,938,38,285,C++,1493,2212,0.675
MisterBooo/LeetCodeAnimation,76719,2650,7.26,63,0,938,Java,43,61,0.7049
zed-industries/zed,76695,1843,5.05,22210,1000,0,Rust,16072,18708,0.8591
coder/code-server,76552,2567,7.03,1639,224,3,TypeScript,3628,3795,0.956
FortAwesome/Font-Awesome,76402,5134,14.06,220,63,26,JavaScript,19611,19904,0.9853
elastic/elasticsearch,76336,5873,16.08,87502,235,0,Java,38702,43165,0.8966
localsend/localsend,76206,1179,3.23,702,24,2,Dart,740,1598,0.4631
d2l-ai/d2l-zh,76093,3120,8.54,1019,16,587,Python,0,0,
swisskyrepo/PayloadsAllTheThings,75897,3429,9.39,564,5,0,Python,0,0,
anthropics/claude-code,75750,380,1.04,145,56,2,Shell,25521,31057,0.8217
typicode/json-server,75643,4485,12.28,161,46,9,JavaScript,566,1179,0.4801
github/spec-kit,75246,199,0.54,186,112,0,Python,342,873,0.3918
Stirling-Tools/Stirling-PDF,75112,1136,3.11,3185,168,0,TypeScript,1316,1660,0.7928
obra/superpowers,74970,150,0.41,39,2,0,Shell,230,343,0.6706
ventoy/Ventoy,74927,2190,6.0,294,108,36,C,1878,2696,0.6966
nestjs/nest,74924,3319,9.09,8098,143,0,TypeScript,5769,5786,0.9971
infiniflow/ragflow,74554,818,2.24,5482,40,0,Python,3632,6629,0.5479
unionlabs/union,74249,1027,2.81,3102,107,13,Rust,1709,1837,0.9303
jesseduffield/lazygit,73820,2851,7.81,1820,176,0,Go,1743,2523,0.6908
sherlock-project/sherlock,73521,2632,7.21,735,2,0,Python,1070,1150,0.9304
redis/redis,73386,6196,16.96,4430,117,0,C,4708,6917,0.6806
lobehub/lobehub,73343,1023,2.8,4380,1000,0,TypeScript,5004,5467,0.9153
twitter/the-algorithm,72853,1078,2.95,2,0,181,Scala,749,1067,0.702
tesseract-ocr/tesseract,72789,4227,11.57,1432,35,9,C++,2318,2748,0.8435
CompVis/stable-diffusion,72658,1307,3.58,5,0,629,Jupyter Notebook,199,735,0.2707
grafana/grafana,72609,4471,12.24,62737,592,0,TypeScript,39963,43224,0.9246
vllm-project/vllm,72592,1124,3.08,14561,85,0,Python,12229,13924,0.8783
openai/openai-cookbook,71968,1459,3.99,1010,0,2,Jupyter Notebook,657,728,0.9025
python/cpython,71957,3313,9.07,57301,0,0,Python,68313,75487,0.905
josephmisiti/awesome-machine-learning,71918,4254,11.65,902,0,38,Python,97,99,0.9798
PaddlePaddle/PaddleOCR,71913,2131,5.83,3121,29,0,Python,10287,10500,0.9797
abi/screenshot-to-code,71823,846,2.32,73,0,0,TypeScript,282,395,0.7139
ocornut/imgui,71818,4249,11.63,419,118,0,C++,5752,6793,0.8468
PKUFlyingPig/cs-self-learning,71688,1601,4.38,315,5,13,HTML,107,231,0.4632
strapi/strapi,71527,3813,10.44,9597,514,0,TypeScript,11255,11812,0.9528
moby/moby,71498,4798,13.14,22360,276,0,Go,20115,23384,0.8602
pallets/flask,71387,5816,15.92,1628,38,0,Python,2723,2723,1.0
dair-ai/Prompt-Engineering-Guide,71344,1179,3.23,342,0,10,MDX,74,241,0.3071
apache/superset,70867,3883,10.63,16469,243,0,TypeScript,11557,12204,0.947
protocolbuffers/protobuf,70813,4213,11.53,8746,208,0,C++,6678,6803,0.9816
obsproject/obs-studio,70809,4542,12.44,5425,237,1,C,4167,4922,0.8466
caddyserver/caddy,70745,4072,11.15,2266,134,3,Go,4293,4490,0.9561
hakimel/reveal.js,70690,5388,14.75,414,49,0,JavaScript,1697,2491,0.6813
binary-husky/gpt_academic,70198,1085,2.97,228,32,43,Python,1481,1757,0.8429
swiftlang/swift,69907,3789,10.37,58115,66,0,C++,10074,17489,0.576
Eugeny/tabby,69405,3363,9.21,1512,204,9,TypeScript,3510,6032,0.5819
danielmiessler/SecLists,69326,5132,14.05,696,29,0,PHP,309,318,0.9717
nektos/act,69211,2622,7.18,1057,92,4,Go,1077,1318,0.8171
expressjs/express,68926,6099,16.7,522,164,8,JavaScript,3930,4030,0.9752
affaan-m/everything-claude-code,68882,50,0.14,99,10,1,JavaScript,129,138,0.9348
OpenHands/OpenHands,68820,726,1.99,6461,99,0,Python,3688,3856,0.9564
base/node,68705,1132,3.1,249,72,0,Go,325,331,0.9819
AppFlowy-IO/AppFlowy,68480,1727,4.73,3894,128,0,Dart,2997,3905,0.7675
ansible/ansible,68288,5116,14.01,39672,207,3,Python,32755,33292,0.9839
hiyouga/LlamaFactory,68104,1016,2.78,903,35,0,Python,6968,7875,0.8848
chartjs/Chart.js,67237,4739,12.97,3016,117,9,JavaScript,6817,7301,0.9337
juliangarnier/anime,66777,3647,9.98,87,34,24,JavaScript,750,836,0.8971
leonardomso/33-js-concepts,66269,2743,7.51,262,0,8,JavaScript,119,119,1.0
webpack/webpack,66079,5112,14.0,5568,448,0,JavaScript,10040,10151,0.9891
labmlai/annotated_deep_learning_paper_implementations,65886,2022,5.54,104,0,46,Python,114,142,0.8028
apache/echarts,65883,4723,12.93,1494,122,0,TypeScript,17673,19306,0.9154
xtekky/gpt4free,65737,1076,2.95,872,430,3,Python,1986,1995,0.9955
TapXWorld/ChinaTextbook,65684,2255,6.17,1,0,142,Roff,76,161,0.472
toeverything/AFFiNE,65569,1316,3.6,9039,542,0,TypeScript,3113,3623,0.8592
NationalSecurityAgency/ghidra,65539,2565,7.02,553,52,3,Java,4330,5869,0.7378
scikit-learn/scikit-learn,65369,5683,15.56,14176,49,0,Python,10397,11983,0.8676
TheAlgorithms/Java,65179,3523,9.65,2269,0,1,Java,1178,1203,0.9792
kdn251/interviews,65014,3309,9.06,42,0,301,Java,24,58,0.4138
kelseyhightower/nocode,64954,2952,8.08,1,1,579,Dockerfile,729,4922,0.1481
FoundationAgents/MetaGPT,64912,983,2.69,673,22,47,Python,890,907,0.9813
chrislgarry/Apollo-11,64646,4358,11.93,355,0,46,Assembly,330,388,0.8505
localstack/localstack,64609,3421,9.37,6813,106,0,Python,5869,6176,0.9503
openai/codex,64128,330,0.9,4393,587,0,Rust,4940,6522,0.7574
facebook/docusaurus,64050,3184,8.72,5627,154,2,TypeScript,3113,3402,0.915
keras-team/keras,63958,3999,10.95,4665,86,0,Python,12468,12658,0.985
daytonaio/daytona,63304,762,2.09,1873,162,0,TypeScript,835,1072,0.7789
prometheus/prometheus,63152,4853,13.29,8241,359,0,Go,5876,6394,0.919
socketio/socket.io,62939,5841,15.99,440,82,3,TypeScript,3464,3651,0.9488
alacritty/alacritty,62908,3672,10.05,1918,105,4,Rust,5929,6252,0.9483
resume/resume.github.com,62808,5510,15.09,84,0,1118,JavaScript,67,127,0.5276
OpenBB-finance/OpenBB,62745,1905,5.22,4219,55,0,Python,2251,2286,0.9847
openinterpreter/open-interpreter,62605,969,2.65,384,48,28,Python,804,1051,0.765
nocodb/nocodb,62430,3052,8.36,5839,183,0,TypeScript,4065,4495,0.9043
traefik/traefik,62156,3829,10.48,5094,508,0,Go,5938,6610,0.8983
rust-lang/rustlings,62099,3828,10.48,922,46,11,Rust,709,758,0.9354
gorhill/uBlock,61990,3995,10.94,256,283,2,JavaScript,3434,3447,0.9962
ryanoasis/nerd-fonts,61917,4112,11.26,565,38,30,CSS,1080,1127,0.9583
FuelLabs/sway,61904,1874,5.13,3641,185,0,Rust,2418,3267,0.7401
unclecode/crawl4ai,61596,669,1.83,164,13,0,Python,907,935,0.9701
lodash/lodash,61580,5084,13.92,614,2,14,JavaScript,4274,4338,0.9852
reduxjs/redux,61443,3936,10.78,1747,78,3,TypeScript,2030,2067,0.9821
LadybirdBrowser/ladybird,61147,648,1.77,5927,0,0,C++,932,1482,0.6289
atom/atom,60991,5161,14.13,3937,538,1161,JavaScript,16148,17111,0.9437
h5bp/Front-end-Developer-Interview-Questions,60799,5141,14.08,484,0,9,Nunjucks,143,177,0.8079
BurntSushi/ripgrep,60740,3650,9.99,544,74,10,Rust,1674,1769,0.9463
scrapy/scrapy,60707,5859,16.04,2475,46,7,Python,2781,3242,0.8578
youngyangyang04/leetcode-master,60647,2277,6.23,2311,0,41,Shell,68,277,0.2455
minio/minio,60446,4071,11.15,9882,521,24,Go,7840,7885,0.9943
commaai/openpilot,60264,3392,9.29,12675,61,0,Python,3048,3227,0.9445
adam-p/markdown-here,60164,5048,13.82,27,17,199,JavaScript,334,635,0.526
jquery/jquery,59861,6184,16.93,868,13,0,JavaScript,2305,2381,0.9681
nuxt/nuxt,59848,3421,9.37,7487,274,0,TypeScript,16364,17166,0.9533
jgraph/drawio-desktop,59737,3209,8.79,25,170,1,JavaScript,1677,1739,0.9643
spring-projects/spring-framework,59735,5570,15.25,907,357,0,Java,27582,27898,0.9887
git/git,59550,6438,17.63,3,0,1,C,0,0,
CorentinJ/Real-Time-Voice-Cloning,59508,2479,6.79,51,0,0,Python,952,1112,0.8561
pathwaycom/pathway,59454,1198,3.28,19,84,0,Python,113,141,0.8014
shadowsocks/shadowsocks-windows,59270,4802,13.15,290,55,432,C#,2727,2915,0.9355
Asabeneh/30-Days-Of-Python,59242,2302,6.3,137,0,5,Python,84,143,0.5874
Solido/awesome-flutter,59214,3228,8.84,448,0,26,Dart,0,0,
meta-llama/llama,59214,1119,3.06,54,0,406,Python,652,1112,0.5863
topjohnwu/Magisk,59156,3469,9.5,1688,156,0,Rust,6457,6496,0.994
angular/angular.js,58924,5906,16.17,790,0,696,JavaScript,8644,9033,0.9569
cline/cline,58799,611,1.67,3265,240,0,TypeScript,2926,3428,0.8536
rails/rails,58393,6541,17.91,25888,160,0,Ruby,17974,18486,0.9723
FiloSottile/mkcert,58315,2814,7.7,52,14,573,Go,241,350,0.6886
sharkdp/bat,57620,2879,7.88,1581,43,1,Rust,1269,1580,0.8032
usememos/memos,57603,1552,4.25,1927,86,0,Go,2820,2829,0.9968
h5bp/html5-boilerplate,57402,5888,16.12,804,34,8,JavaScript,1353,1358,0.9963
withastro/astro,57372,1820,4.98,8263,1000,0,TypeScript,5795,5983,0.9686
FuelLabs/fuel-core,57319,2019,5.53,1618,125,0,Rust,996,1154,0.8631
pmndrs/zustand,57296,2526,6.92,889,101,1,TypeScript,691,693,0.9971
scutan90/DeepLearning-500-questions,57188,2812,7.7,302,0,621,JavaScript,81,192,0.4219
zylon-ai/private-gpt,57162,1042,2.85,226,10,11,Python,965,1228,0.7858
ultralytics/yolov5,56954,2121,5.81,2240,10,0,Python,9401,9440,0.9959
soimort/you-get,56766,4949,13.55,582,123,316,Python,0,0,
pocketbase/pocketbase,56633,1343,3.68,55,247,0,Go,1928,1952,0.9877
dani-garcia/vaultwarden,56500,2941,8.05,1086,78,0,Rust,2556,2568,0.9953
remix-run/react-router,56286,4314,11.81,3414,326,4,TypeScript,8197,8312,0.9862
meilisearch/meilisearch,56247,2877,7.88,2340,300,0,Rust,2167,2394,0.9052
ageitgey/face_recognition,56185,3292,9.01,94,2,565,Python,598,1378,0.434
pathwaycom/llm-app,56175,964,2.64,49,0,61,Jupyter Notebook,13,18,0.7222
rust-unofficial/awesome-rust,56076,4253,11.64,1705,0,0,Rust,134,144,0.9306
pi-hole/pi-hole,56034,4292,11.75,2173,123,2,Shell,3095,3129,0.9891
Mintplex-Labs/anything-llm,55967,1009,2.76,1308,25,0,JavaScript,2957,3235,0.9141
gatsbyjs/gatsby,55938,3944,10.8,18256,158,0,JavaScript,13915,14130,0.9848
rclone/rclone,55926,4376,11.98,2310,122,0,Go,5035,5973,0.843
azl397985856/leetcode,55822,2901,7.94,257,40,236,JavaScript,248,256,0.9688
opendatalab/MinerU,55792,739,2.02,1320,143,2,Python,1905,2095,0.9093
Textualize/rich,55718,2311,6.33,860,175,11,Python,1265,1481,0.8542
RVC-Boss/GPT-SoVITS,55620,785,2.15,355,4,28,Python,1233,2009,0.6137
golang-standards/project-layout,55516,3103,8.5,94,0,87,Makefile,44,115,0.3826
microsoft/autogen,55362,934,2.56,2534,98,4,Python,2496,2943,0.8481
docling-project/docling,55290,608,1.66,752,156,0,Python,826,1640,0.5037
AntonOsika/gpt-engineer,55222,1045,2.86,351,21,299,Python,471,502,0.9382
Z4nzu/hackingtool,55191,2158,5.91,57,0,146,Python,323,393,0.8219
FoundationAgents/OpenManus,55113,368,1.01,115,3,26,Python,390,742,0.5256
appwrite/appwrite,55102,2527,6.92,4453,120,0,TypeScript,3757,4310,0.8717
deepfakes/faceswap,55029,3002,8.22,363,5,6,Python,896,898,0.9978
starship/starship,54675,2533,6.93,3060,138,0,Rust,1853,2630,0.7046
karpathy/nanoGPT,54458,1167,3.2,45,0,116,Python,114,353,0.3229
lencx/ChatGPT,54376,1188,3.25,123,34,557,Rust,368,1253,0.2937
marktext/marktext,54366,3039,8.32,944,36,5,JavaScript,1655,3004,0.5509
ElemeFE/element,54206,3474,9.51,3231,145,566,Vue,15249,17894,0.8522
go-gitea/gitea,54195,3415,9.35,18545,224,0,Go,12820,15445,0.83
ultralytics/ultralytics,54114,1275,3.49,4258,349,0,Python,12376,12499,0.9902
maybe-finance/maybe,54051,797,2.18,1073,28,227,Ruby,0,0,
psf/requests,53901,5502,15.06,1619,14,3,Python,3946,4129,0.9557
laurent22/joplin,53800,3338,9.14,5251,401,0,TypeScript,7200,7780,0.9254
necolas/normalize.css,53757,5423,14.85,56,0,634,CSS,470,517,0.9091
facebookresearch/segment-anything,53611,1082,2.96,16,0,537,Jupyter Notebook,182,717,0.2538
unslothai/unsloth,53577,831,2.28,779,23,0,Python,2127,2993,0.7107
wagoodman/dive,53511,2857,7.82,164,28,84,Go,205,373,0.5496
microsoft/ai-agents-for-beginners,53496,466,1.28,317,0,1,Jupyter Notebook,86,86,1.0
romkatv/powerlevel10k,53290,2569,7.03,168,33,40,Shell,2488,2604,0.9555
vuejs/core,53178,2827,7.74,3658,269,0,TypeScript,5315,5959,0.8919
mozilla/pdf.js,52947,5431,14.87,8487,83,0,JavaScript,9994,10425,0.9587
WerWolv/ImHex,52827,1945,5.33,726,82,0,C++,1252,1557,0.8041
Zie619/n8n-workflows,52733,299,0.82,34,1,26,Python,81,99,0.8182
JetBrains/kotlin,52430,5138,14.07,2142,284,0,Kotlin,0,0,
ionic-team/ionic-framework,52386,4583,12.55,6526,931,0,TypeScript,21549,22144,0.9731
sickcodes/Docker-OSX,52238,2104,5.76,109,0,118,Shell,287,681,0.4214
TryGhost/Ghost,51998,4692,12.85,15706,954,0,JavaScript,7154,7219,0.991
typst/typst,51963,2357,6.45,2234,27,4,Rust,2960,4063,0.7285
2dust/v2rayNG,51906,2490,6.82,541,282,0,Kotlin,3689,3699,0.9973
prettier/prettier,51778,3387,9.27,9666,134,1,JavaScript,5981,7181,0.8329
PowerShell/PowerShell,51776,3707,10.15,8064,193,0,C#,12140,13329,0.9108
termux/termux-app,51693,3790,10.38,177,95,10,Java,2594,3028,0.8567
etcd-io/etcd,51677,4628,12.67,10238,272,0,Go,7011,7125,0.984
xai-org/grok-1,51535,722,1.98,5,0,556,Python,0,0,
coollabsio/coolify,51523,1868,5.11,2306,666,0,PHP,2902,3475,0.8351
vsouza/awesome-ios,51495,4260,11.66,2240,0,161,Swift,490,494,0.9919
google/guava,51495,4302,11.78,1199,57,1,Java,3031,3650,0.8304
jekyll/jekyll,51432,6349,17.38,3197,112,9,Ruby,4798,4925,0.9742
Semantic-Org/Semantic-UI,51135,4717,12.91,356,154,466,JavaScript,5269,6235,0.8451
chinese-poetry/chinese-poetry,51040,3475,9.51,137,1,341,JavaScript,92,213,0.4319
DefinitelyTyped/DefinitelyTyped,51022,4903,13.42,52970,1,0,TypeScript,7543,8109,0.9302
agalwood/Motrix,51011,2638,7.22,192,21,606,JavaScript,600,1355,0.4428
ethereum/go-ethereum,50903,4456,12.2,8789,228,0,Go,8450,8637,0.9783
charlax/professional-programming,50640,3775,10.34,43,0,4,Python,32,32,1.0
FlowiseAI/Flowise,50563,1074,2.94,1578,80,0,TypeScript,1872,2510,0.7458
poteto/hiring-without-whiteboards,50477,3281,8.98,1309,0,10,JavaScript,0,0,
dockur/windows,50274,785,2.15,519,119,0,Shell,883,983,0.8983
harry0703/MoneyPrinterTurbo,50101,728,1.99,145,9,85,Python,400,620,0.6452
jgthms/bulma,50057,3697,10.12,646,22,7,CSS,2403,2743,0.876
jesseduffield/lazydocker,50045,2487,6.81,191,45,51,Go,204,397,0.5139
mastodon/mastodon,49723,3668,10.04,19179,327,0,Ruby,8547,12742,0.6708
cypress-io/cypress,49600,4023,11.01,8084,387,0,TypeScript,14126,15323,0.9219
NARKOZ/hacker-scripts,49431,3760,10.29,63,0,867,JavaScript,68,104,0.6538
odoo/odoo,49401,4318,11.82,6182,0,0,Python,15254,18820,0.8105
lyswhut/lx-music-desktop,49216,2399,6.57,90,112,2,TypeScript,1275,2360,0.5403
jellyfin/jellyfin,49194,2647,7.25,5181,102,0,C#,7564,8196,0.9229
mem0ai/mem0,49165,993,2.72,1824,273,0,Python,949,1403,0.6764
AlistGo/alist,49136,1902,5.21,905,143,3,Go,3898,4433,0.8793
nlohmann/json,49067,4631,12.68,1007,45,3,C++,2332,2368,0.9848
dbeaver/dbeaver,48999,3792,10.38,6729,243,0,Java,16848,20016,0.8417
huginn/huginn,48839,4747,13.0,1065,1,0,Ruby,1576,2180,0.7229
ChrisTitusTech/winutil,48794,1411,3.86,1069,34,1,PowerShell,2140,2154,0.9935
TanStack/query,48747,2371,6.49,3201,1000,0,TypeScript,2203,2273,0.9692
JuliaLang/julia,48597,5436,14.88,26902,195,0,Julia,21998,25842,0.8512
iamkun/dayjs,48582,2890,7.91,715,125,6,JavaScript,868,1825,0.4756
ReactiveX/RxJava,48486,4807,13.16,3377,243,3,Java,3167,3181,0.9956
algorithm-visualizer/algorithm-visualizer,48374,3585,9.82,183,0,638,JavaScript,77,124,0.621
sansan0/TrendRadar,48328,315,0.86,1,0,8,Python,370,399,0.9273
upstash/context7,48272,347,0.95,271,50,0,TypeScript,1541,1706,0.9033
pandas-dev/pandas,48084,5676,15.54,28013,118,0,Python,24729,28162,0.8781
moment/moment,48053,5487,15.02,714,0,572,JavaScript,3915,4166,0.9398
hashicorp/terraform,47952,4378,11.99,13210,403,0,Go,19861,21614,0.9189
x64dbg/x64dbg,47855,3984,10.91,774,4,1,C++,2110,2686,0.7856
lllyasviel/Fooocus,47833,942,2.58,448,21,97,Python,1420,1644,0.8637
expo/expo,47806,3493,9.56,20672,0,0,TypeScript,17825,18171,0.981
type-challenges/type-challenges,47793,2055,5.63,600,0,8,TypeScript,3998,37047,0.1079
minimaxir/big-list-of-naughty-strings,47604,3865,10.58,89,0,690,Python,32,101,0.3168
bigskysoftware/htmx,47579,2156,5.9,1049,27,1,JavaScript,1068,1673,0.6384
skylot/jadx,47558,4739,12.97,623,34,1,Java,1637,2051,0.7981
gogs/gogs,47557,4408,12.07,1869,96,5,Go,4255,5178,0.8217
run-llama/llama_index,47518,1223,3.35,7648,425,0,Python,6734,6943,0.9699
freqtrade/freqtrade,47492,3217,8.81,6336,110,0,Python,5531,5560,0.9948
ggml-org/whisper.cpp,47361,1260,3.45,932,31,4,C++,873,1874,0.4658
virattt/ai-hedge-fund,47093,465,1.27,41,0,0,Python,203,232,0.875
jakevdp/PythonDataScienceHandbook,47008,3498,9.58,28,0,620,Jupyter Notebook,79,208,0.3798
typescript-cheatsheets/react,46989,2837,7.77,375,0,24,JavaScript,224,224,1.0
serverless/serverless,46946,3975,10.88,4858,480,0,JavaScript,5481,6599,0.8306
v2ray/v2ray-core,46932,3839,10.51,203,247,0,Go,2593,2596,0.9988
slab/quill,46929,4969,13.6,382,95,227,TypeScript,3269,3821,0.8555
Homebrew/brew,46919,3655,10.01,13818,473,0,Ruby,4988,4996,0.9984
square/okhttp,46918,4977,13.63,3965,0,4,Kotlin,4181,4247,0.9845
pixijs/pixijs,46702,4794,13.13,3812,304,0,TypeScript,5802,6072,0.9555
GokuMohandas/Made-With-ML,46683,2681,7.34,147,1,4,Jupyter Notebook,59,77,0.7662
tw93/Pake,46537,1242,3.4,111,41,0,Rust,475,475,1.0
discourse/discourse,46524,4804,13.15,33454,0,0,Ruby,0,0,
OpenCut-app/OpenCut,46456,260,0.71,187,2,0,TypeScript,85,250,0.34
makeplane/plane,46384,1206,3.3,6280,54,2,TypeScript,968,1570,0.6166
metabase/metabase,46338,4052,11.09,39550,733,0,Clojure,20740,24407,0.8498
ClickHouse/ClickHouse,46253,3567,9.77,59191,746,0,C++,22901,27457,0.8341
oobabooga/text-generation-webui,46194,1174,3.21,1237,93,0,Python,3275,4101,0.7986
astral-sh/ruff,46175,1308,3.58,13656,402,0,Rust,6168,7807,0.7901
Asabeneh/30-Days-Of-JavaScript,46159,2268,6.21,100,0,93,JavaScript,60,178,0.3371
microsoft/AI-For-Beginners,45925,1832,5.02,289,0,4,Jupyter Notebook,148,149,0.9933
acmesh-official/acme.sh,45902,3726,10.2,1513,46,1,Shell,2389,3517,0.6793
ghostty-org/ghostty,45818,1441,3.95,3630,1,0,Zig,1895,2023,0.9367
tldraw/tldraw,45709,1765,4.83,4437,102,0,TypeScript,1881,2159,0.8712
microsoft/monaco-editor,45703,3562,9.75,558,187,3,JavaScript,3229,3969,0.8136
android/architecture-samples,45597,3685,10.09,232,0,5,Kotlin,349,491,0.7108
crewAIInc/crewAI,45591,864,2.37,1396,141,0,Python,1695,1773,0.956
prisma/prisma,45475,2454,6.72,6753,242,0,TypeScript,9438,11829,0.7979
LeCoupa/awesome-cheatsheets,45463,3042,8.33,171,0,17,JavaScript,59,100,0.59
jeecgboot/JeecgBoot,45366,2660,7.28,126,70,0,Java,8128,8160,0.9961
karpathy/nanochat,45360,147,0.4,73,0,4,Python,105,120,0.875
coreybutler/nvm-windows,45326,4188,11.47,107,23,1,Go,880,950,0.9263
ColorlibHQ/AdminLTE,45320,4457,12.2,1565,77,4,CSS,2769,2907,0.9525
jestjs/jest,45317,4472,12.24,5774,213,4,TypeScript,7975,8178,0.9752
google/zx,45257,1769,4.84,605,100,0,JavaScript,492,511,0.9628
NanmiCoder/MediaCrawler,45130,1004,2.75,132,0,6,Python,436,570,0.7649
bevyengine/bevy,44963,2241,6.14,7490,53,0,Rust,5354,8023,0.6673
RocketChat/Rocket.Chat,44843,3947,10.81,15696,1000,0,TypeScript,14501,16832,0.8615
KRTirtho/spotube,44831,1849,5.06,257,43,13,Dart,1304,2027,0.6433
isocpp/CppCoreGuidelines,44822,3854,10.55,825,4,3,CSS,990,1230,0.8049
meteor/meteor,44780,5163,14.14,2671,0,0,JavaScript,9020,9257,0.9744
coqui-ai/TTS,44768,2119,5.8,467,98,570,Python,1227,1230,0.9976
vercel/hyper,44712,3538,9.69,3291,88,572,TypeScript,2874,3821,0.7522
slidevjs/slidev,44692,1780,4.87,804,419,6,TypeScript,1139,1296,0.8789
penpot/penpot,44669,3722,10.19,5530,69,0,Clojure,1628,2173,0.7492
gedoor/legado,44669,2483,6.8,1139,115,1,Kotlin,3173,3200,0.9916
Leaflet/Leaflet,44609,5647,15.46,3237,34,0,JavaScript,4943,5342,0.9253
react-hook-form/react-hook-form,44572,2560,7.01,2141,600,9,TypeScript,4841,4927,0.9825
apache/airflow,44559,3983,10.9,34338,114,0,Python,12584,13914,0.9044
grpc/grpc,44459,4108,11.25,20513,364,0,C++,11224,11919,0.9417
GitSquared/edex-ui,44404,3327,9.11,399,29,1601,JavaScript,553,559,0.9893
pyenv/pyenv,44376,4938,13.52,1041,150,2,Shell,1833,1883,0.9734
sudheerj/reactjs-interview-questions,44330,2839,7.77,170,0,13,JavaScript,109,113,0.9646
docker/awesome-compose,44304,2216,6.07,149,0,4,HTML,43,141,0.305
astaxie/build-web-application-with-golang,44152,4967,13.6,757,0,666,Go,183,306,0.598
parcel-bundler/parcel,44049,3136,8.59,2600,52,4,JavaScript,5052,5521,0.9151
NaiboWang/EasySpider,44041,2060,5.64,44,10,11,JavaScript,496,758,0.6544
iina/iina,44012,3367,9.22,884,47,0,Swift,2511,4378,0.5735
streamich/react-use,43950,2690,7.36,1533,256,48,TypeScript,245,609,0.4023
square/retrofit,43904,5662,15.5,1344,4,2,HTML,2637,2765,0.9537
babel/babel,43898,4180,11.44,6555,452,1,TypeScript,8467,9057,0.9349
yangshun/front-end-interview-handbook,43876,2976,8.15,349,0,6,MDX,91,102,0.8922
upscayl/upscayl,43846,1318,3.61,0,29,2,TypeScript,981,1037,0.946
streamlit/streamlit,43817,2389,6.54,6876,116,0,Python,4659,5788,0.8049
aymericdamien/TensorFlow-Examples,43800,3771,10.32,88,0,590,Jupyter Notebook,71,238,0.2983
SimplifyJobs/Summer2026-Internships,43713,2115,5.79,1674,0,0,Python,7256,7257,0.9999
spf13/cobra,43445,4569,12.51,626,27,89,Go,997,1238,0.8053
mudler/LocalAI,43424,1086,2.97,4978,97,0,Go,1167,1286,0.9075
helix-editor/helix,43422,2107,5.77,4613,30,4,Rust,4729,5739,0.824
AykutSarac/jsoncrack.com,43420,1499,4.1,89,22,17,TypeScript,246,281,0.8754
FuelLabs/fuels-rs,43387,1589,4.35,910,120,0,Rust,613,663,0.9246
zhongyang219/TrafficMonitor,43366,3144,8.61,67,26,25,C++,729,1976,0.3689
FuelLabs/fuels-ts,43341,1648,4.51,1979,156,35,TypeScript,1400,1457,0.9609
getsentry/sentry,43303,5669,15.52,81980,163,0,Python,14840,16724,0.8873
milvus-io/milvus,43269,2366,6.48,24849,153,0,Go,14381,15229,0.9443
9001/copyparty,43087,2479,6.79,172,337,0,Python,649,861,0.7538
cli/cli,43031,2349,6.43,2822,189,0,Go,4887,5788,0.8443
Unitech/pm2,42974,4675,12.8,558,134,29,JavaScript,4104,5120,0.8016
apache/spark,42955,4395,12.03,9,0,0,Scala,3,17,0.1765
Light-City/CPlusPlusThings,42941,2430,6.65,72,0,633,C++,218,230,0.9478
Kong/kong,42909,4129,11.3,6501,145,6,Lua,4532,4590,0.9874
ziglang/zig,42884,3868,10.59,9540,21,102,Zig,10191,13518,0.7539
tmux/tmux,42809,3931,10.76,3,39,0,C,3863,3900,0.9905
faif/python-patterns,42783,5023,13.75,289,0,24,Python,86,97,0.8866
mitmproxy/mitmproxy,42587,5865,16.06,2741,79,0,Python,3279,3643,0.9001
bannedbook/fanqiang,42505,4072,11.15,3,3,30,Kotlin,485,812,0.5973
DIYgod/RSSHub,42495,2898,7.93,12117,0,0,TypeScript,5965,6322,0.9435
jgm/pandoc,42480,5832,15.97,1761,153,0,Haskell,7216,8185,0.8816
hiroi-sora/Umi-OCR,42466,1442,3.95,58,31,109,Python,518,842,0.6152
exo-explore/exo,42399,622,1.7,610,13,0,Python,636,738,0.8618
Alamofire/Alamofire,42357,4239,11.61,664,104,25,Swift,2779,2812,0.9883
files-community/Files,42339,2620,7.17,5520,131,0,C#,10574,11069,0.9553
ComposioHQ/awesome-claude-skills,42272,143,0.39,20,0,18,Python,4,59,0.0678
apachecn/ailearning,42107,3299,9.03,478,2,482,Python,114,117,0.9744
colinhacks/zod,42070,2192,6.0,975,201,22,TypeScript,2847,3013,0.9449
mingrammer/diagrams,42063,2227,6.1,341,46,30,Python,224,539,0.4156
zhayujie/chatgpt-on-wechat,42063,1310,3.59,286,66,0,Python,1716,2025,0.8474
sharkdp/fd,42009,3225,8.83,713,43,0,Rust,821,955,0.8597
gradio-app/gradio,41973,2637,7.22,5364,1000,0,Python,6027,6468,0.9318
fastapi/full-stack-fastapi-template,41911,2571,7.04,621,12,2,TypeScript,436,436,1.0
nolimits4web/swiper,41804,5107,13.98,619,94,13,JavaScript,5575,5809,0.9597
deepspeedai/DeepSpeed,41771,2236,6.12,2947,107,1,Python,2157,3310,0.6517
siyuan-note/siyuan,41751,2017,5.52,700,878,0,TypeScript,15881,16212,0.9796
ray-project/ray,41709,3421,9.37,30105,122,0,Python,19498,22430,0.8693
Aider-AI/aider,41705,1034,2.83,284,93,6,Python,2813,3980,0.7068
apache/dubbo,41702,5011,13.72,6023,113,0,Java,6562,7368,0.8906
nwjs/nw.js,41568,5178,14.18,576,0,4,JavaScript,6484,7435,0.8721
usebruno/bruno,41559,1258,3.44,2065,160,0,JavaScript,2436,3911,0.6229
yarnpkg/yarn,41532,3702,10.14,1655,153,2,JavaScript,4742,6618,0.7165
logseq/logseq,41495,2116,5.79,3133,152,0,Clojure,7143,8103,0.8815
dcloudio/uni-app,41448,2797,7.66,555,0,0,JavaScript,4387,5056,0.8677
psf/black,41425,2916,7.98,1734,52,0,Python,2486,2778,0.8949
dylanaraps/pure-bash-bible,41411,2826,7.74,28,0,832,Shell,33,77,0.4286
hpcaitech/ColossalAI,41359,1593,4.36,3705,50,0,Python,1299,1741,0.7461
hexojs/hexo,41290,4915,13.46,975,117,5,TypeScript,3918,3993,0.9812
ccxt/ccxt,41258,3221,8.82,14220,216,0,Python,10508,11312,0.9289
zai-org/ChatGLM-6B,41227,1092,2.99,49,0,620,Python,752,1313,0.5727
curl/curl,41162,5834,15.97,203,94,0,C,5368,5378,0.9981
bailicangdu/vue2-elm,41162,3363,9.21,21,0,332,Vue,512,631,0.8114
fastlane/fastlane,41146,4115,11.27,6344,560,1,Ruby,12592,13260,0.9496
CherryHQ/cherry-studio,41104,654,1.79,3044,246,0,TypeScript,8219,8701,0.9446
payloadcms/payload,41084,1888,5.17,6758,559,0,TypeScript,4110,4387,0.9369
Raphire/Win11Debloat,41080,1958,5.36,65,24,0,PowerShell,257,288,0.8924
chubin/cheat.sh,41063,3227,8.84,129,0,75,Python,136,266,0.5113
juspay/hyperswitch,41057,1239,3.39,6544,152,0,Rust,2531,3471,0.7292
styled-components/styled-components,41030,3492,9.56,995,189,17,TypeScript,2676,2985,0.8965
vuetifyjs/vuetify,40987,3465,9.49,4666,641,0,TypeScript,14816,15284,0.9694
janhq/jan,40908,935,2.56,3455,97,0,TypeScript,3078,3327,0.9252
tabler/tabler,40822,2958,8.1,787,51,0,HTML,1063,1150,0.9243
jingyaogong/minimind,40790,590,1.62,9,2,31,Python,529,551,0.9601
zen-browser/desktop,40558,711,1.95,790,155,0,JavaScript,8000,8490,0.9423
calcom/cal.com,40506,1813,4.96,12914,611,0,TypeScript,8083,9063,0.8919
bradtraversy/50projects50days,40475,1939,5.31,44,0,376,CSS,0,0,
charmbracelet/bubbletea,40468,2249,6.16,676,73,0,Go,314,409,0.7677
DataExpert-io/data-engineer-handbook,40454,840,2.3,177,0,10,Jupyter Notebook,71,84,0.8452
saadeghi/daisyui,40441,1926,5.27,528,184,0,Svelte,2084,2115,0.9853
chakra-ui/chakra-ui,40399,2396,6.56,2929,1000,0,TypeScript,4280,4287,0.9984
twentyhq/twenty,40325,1194,3.27,10159,59,0,TypeScript,5939,6143,0.9668
QSCTech/zju-icicles,40320,3541,9.69,232,0,48,HTML,69,78,0.8846
aria2/aria2,40228,5581,15.28,254,24,0,C++,827,1914,0.4321
wg/wrk,40116,5102,13.97,0,0,800,C,262,407,0.6437
remoteintech/remote-jobs,40066,3800,10.4,1374,0,3,Nunjucks,196,203,0.9655
php/php-src,40034,5380,14.73,4795,42,0,C,3999,4947,0.8084
vim/vim,39981,3855,10.55,440,0,0,Vim Script,7788,9361,0.832
pingcap/tidb,39913,3837,10.51,34649,213,0,Go,17979,22492,0.7994
google-research/bert,39897,2691,7.37,32,0,593,Python,355,1145,0.31
evanw/esbuild,39867,3555,9.73,257,309,31,Go,3313,3858,0.8587
HeyPuter/puter,39852,736,2.02,1328,8,0,JavaScript,854,1016,0.8406
bmad-code-org/BMAD-METHOD,39780,330,0.9,401,24,0,JavaScript,744,826,0.9007
go-gorm/gorm,39701,4518,12.37,775,11,3,Go,5611,6096,0.9204
trpc/trpc,39698,2060,5.64,3854,231,0,TypeScript,1191,1339,0.8895
danielmiessler/Fabric,39607,795,2.18,605,387,0,Go,816,837,0.9749
videojs/video.js,39519,5777,15.82,1819,334,26,JavaScript,4817,5417,0.8892
floodsung/Deep-Learning-Papers-Reading-Roadmap,39479,3433,9.4,28,0,1198,Python,5,57,0.0877
photoprism/photoprism,39474,2963,8.11,885,80,0,Go,2071,2490,0.8317
lm-sys/FastChat,39416,1086,2.97,852,14,280,Python,1067,1933,0.552
appsmithorg/appsmith,39356,2078,5.69,14090,302,0,TypeScript,19299,23707,0.8141
gofiber/fiber,39353,2244,6.14,2118,135,0,Go,1595,1632,0.9773
facebookresearch/faiss,39309,3317,9.08,137,25,0,C++,2499,2728,0.9161
goabstract/Awesome-Design-Tools,39224,2582,7.07,283,0,588,JavaScript,26,49,0.5306
phaserjs/phaser,39151,4714,12.91,1734,173,3,JavaScript,4512,4602,0.9804
Dogfalo/materialize,39125,4195,11.49,449,41,211,JavaScript,4600,5223,0.8807
google/styleguide,39084,3945,10.8,197,0,116,HTML,244,363,0.6722
koalaman/shellcheck,39077,4860,13.31,331,30,10,Haskell,1759,2946,0.5971
imputnet/cobalt,39048,1340,3.67,249,0,2,Svelte,807,1004,0.8038
suno-ai/bark,39042,1066,2.92,19,0,567,Jupyter Notebook,242,477,0.5073
QuivrHQ/quivr,38981,1031,2.82,1824,354,243,Python,1534,1538,0.9974
DataTalksClub/data-engineering-zoomcamp,38963,1600,4.38,454,0,3,Jupyter Notebook,139,141,0.9858
remotion-dev/remotion,38958,2084,5.71,4201,596,0,TypeScript,2146,2215,0.9688
nextlevelbuilder/ui-ux-pro-max-skill,38949,99,0.27,60,14,7,Python,27,70,0.3857
tw93/Mole,38892,167,0.46,124,29,0,Shell,354,356,0.9944
mifi/lossless-cut,38891,3417,9.36,223,105,8,TypeScript,1566,1806,0.8671
2noise/ChatTTS,38888,650,1.78,220,6,50,Python,614,672,0.9137
google/leveldb,38885,4211,11.53,64,21,2,C++,540,788,0.6853
chatboxai/chatbox,38847,1099,3.01,0,52,24,TypeScript,1503,2506,0.5998
nushell/nushell,38713,2495,6.83,8475,117,0,Rust,5569,7030,0.7922
novuhq/novu,38665,1656,4.53,6889,108,0,TypeScript,1546,1670,0.9257
mindsdb/mindsdb,38659,2776,7.6,5783,337,0,Python,4327,4400,0.9834
freeCodeCamp/devdocs,38587,4519,12.37,982,0,3,Ruby,1065,1263,0.8432
agno-agi/agno,38544,1405,3.85,2907,173,0,Python,1706,1982,0.8607
microsoft/qlib,38530,2033,5.57,750,23,25,Python,762,1044,0.7299
impress/impress.js,38518,5184,14.19,124,15,44,JavaScript,432,483,0.8944
preactjs/preact,38461,3832,10.49,1993,240,0,JavaScript,1868,1928,0.9689
code-yeongyu/oh-my-openagent,38415,96,0.26,653,150,0,TypeScript,1005,1217,0.8258
BerriAI/litellm,38382,956,2.62,9829,1000,0,Python,8472,9306,0.9104
PatrickJS/awesome-cursorrules,38343,539,1.48,70,0,136,MDX,8,52,0.1538
google/googletest,38314,3877,10.61,813,11,4,C++,1989,2366,0.8407
gto76/python-cheatsheet,38272,2965,8.12,0,0,1,Python,27,27,1.0
PhilJay/MPAndroidChart,38228,4336,11.87,191,44,277,Java,2898,4965,0.5837
istio/istio,38134,3397,9.3,29484,423,0,Go,21291,21714,0.9805
lapce/lapce,38121,2953,8.08,1177,35,4,Rust,1200,2011,0.5967
halo-dev/halo,38065,2910,7.97,2958,251,0,Java,4346,4579,0.9491
Kong/insomnia,38023,3607,9.88,3752,547,3,TypeScript,3253,3978,0.8177
ant-design/ant-design-pro,37987,3118,8.54,1025,26,2,TypeScript,9625,9800,0.9821
naptha/tesseract.js,37907,3911,10.71,204,57,9,JavaScript,703,734,0.9578
dotnet/aspnetcore,37772,4381,11.99,18616,275,0,C#,35105,38664,0.908
denysdovhan/wtfjs,37738,3160,8.65,125,25,356,JavaScript,96,118,0.8136
pola-rs/polars,37672,2125,5.82,12750,248,0,Rust,9937,12443,0.7986
rapid7/metasploit-framework,37670,5305,14.52,11666,0,0,Ruby,5952,6427,0.9261
httpie/cli,37662,5126,14.03,406,47,447,Python,723,910,0.7945
FreeCodeCampChina/freecodecamp.cn,37638,3447,9.44,55,0,967,CSS,445,587,0.7581
huihut/interview,37572,2950,8.08,36,0,197,C++,65,66,0.9848
ToolJet/ToolJet,37566,1805,4.94,7760,454,0,JavaScript,4538,5154,0.8805
RSSNext/Folo,37564,700,1.92,1433,93,0,TypeScript,2203,2570,0.8572
vlang/v,37522,2586,7.08,13087,303,0,V,9160,10273,0.8917
outline/outline,37511,3577,9.79,4179,157,0,TypeScript,3885,3925,0.9898
CorentinTh/it-tools,37473,2164,5.92,493,10,4,Vue,219,674,0.3249
TeamNewPipe/NewPipe,37463,3839,10.51,1798,141,0,Java,8790,10120,0.8686
chatchat-space/Langchain-Chatchat,37446,1074,2.94,621,31,119,Python,4230,4237,0.9983
LAION-AI/Open-Assistant,37438,1182,3.24,1616,127,569,Python,1419,1646,0.8621
vnpy/vnpy,37432,4025,11.02,1063,66,53,Python,2151,2163,0.9945
google-research/google-research,37417,2712,7.43,29,0,0,Jupyter Notebook,348,1443,0.2412
TencentARC/GFPGAN,37392,1816,4.97,14,8,590,Python,135,509,0.2652
eugenp/tutorials,37356,4696,12.86,13721,0,0,Java,773,791,0.9772
kilimchoi/engineering-blogs,37351,3921,10.74,681,0,565,Ruby,75,97,0.7732
NervJS/taro,37340,2892,7.92,3465,207,0,TypeScript,11517,13134,0.8769
llvm/llvm-project,37285,3379,9.25,75758,149,0,LLVM,64600,92689,0.697
spacedriveapp/spacedrive,37277,1624,4.45,1957,28,30,Rust,518,531,0.9755
666ghj/BettaFish,37259,616,1.69,105,6,4,Python,384,397,0.9673
paperless-ngx/paperless-ngx,37241,1485,4.07,3013,143,0,Python,2368,2368,1.0
exacity/deeplearningbook-chinese,37204,3379,9.25,16,7,2288,TeX,139,203,0.6847
0voice/interview_internal_reference,37203,2464,6.75,35,0,138,Python,19,52,0.3654
docker/compose,37184,4473,12.25,3756,275,0,Go,8236,8282,0.9944
alibaba/arthas,37128,2749,7.53,582,69,0,Java,1756,2132,0.8236
ManimCommunity/manim,37113,2120,5.8,2042,33,1,Python,1363,1739,0.7838
huiyadanli/RevokeMsgPatcher,37079,2423,6.63,12,21,36,C#,945,995,0.9497
openai/gym,37079,3603,9.86,999,19,513,Python,1727,1840,0.9386
satwikkansal/wtfpython,36917,3114,8.53,113,2,54,Python,158,224,0.7054
exelban/stats,36900,2475,6.78,433,323,1,Swift,2442,2464,0.9911
babysor/MockingBird,36878,1675,4.59,82,1,6,Python,415,892,0.4652
drawdb-io/drawdb,36845,967,2.65,351,0,0,JavaScript,215,337,0.638
inkonchain/docs,36820,671,1.84,407,0,5,MDX,13,37,0.3514
PKUanonym/REKCARC-TSC-UHT,36798,2530,6.93,175,0,49,HTML,32,34,0.9412
portainer/portainer,36793,3580,9.8,4785,176,0,TypeScript,5347,6033,0.8863
sqlmapproject/sqlmap,36789,5004,13.7,180,11,11,Python,5354,5395,0.9924
inkonchain/node,36770,664,1.82,36,6,111,Shell,13,26,0.5
shadowsocks/shadowsocks-android,36687,4831,13.23,258,186,19,Kotlin,2459,2513,0.9785
inkonchain/ink-kit,36676,490,1.34,91,0,140,TypeScript,3,5,0.6
gkd-kit/gkd,36668,979,2.68,10,64,1,Kotlin,726,736,0.9864
roboflow/supervision,36660,1197,3.28,1120,35,0,Python,431,517,0.8337
markedjs/marked,36638,5342,14.63,1643,166,0,TypeScript,1643,1652,0.9946
open-guides/og-aws,36592,3526,9.65,498,0,570,Shell,88,228,0.386
DavidHDev/react-bits,36543,580,1.59,157,0,0,JavaScript,475,477,0.9958
duckdb/duckdb,36520,2813,7.7,9640,57,0,C++,6055,6593,0.9184
date-fns/date-fns,36506,4172,11.42,1068,122,182,TypeScript,1382,2038,0.6781
chatanywhere/GPT_API_free,36503,1051,2.88,1,0,3,Python,365,419,0.8711
huggingface/pytorch-image-models,36461,2592,7.1,524,75,0,Python,978,1026,0.9532
fengdu78/Coursera-ML-AndrewNg-Notes,36432,3047,8.34,14,0,196,HTML,15,69,0.2174
typeorm/typeorm,36371,3661,10.02,2433,40,0,TypeScript,8135,8557,0.9507
juanfont/headscale,36251,2087,5.71,1233,132,1,Go,1158,1236,0.9369
hankcs/HanLP,36176,4169,11.41,79,62,113,Python,1426,1434,0.9944
lerna/lerna,36087,3748,10.26,1021,249,4,TypeScript,2313,2693,0.8589
myshell-ai/OpenVoice,36057,831,2.28,18,0,324,Python,73,348,0.2098
geekxh/hello-algorithm,36017,2110,5.78,26,0,1000,Java,33,44,0.75
aseprite/aseprite,36016,4219,11.55,483,123,0,C++,2641,4486,0.5887
carbon-app/carbon,35977,3188,8.73,669,215,27,JavaScript,628,691,0.9088
XingangPan/DragGAN,35969,1026,2.81,18,0,660,Python,46,192,0.2396
servo/servo,35929,5142,14.08,23126,5,0,Rust,12350,15237,0.8105
opentofu/manifesto,35887,939,2.57,765,0,355,HTML,14,26,0.5385
qbittorrent/qBittorrent,35881,5147,14.09,4130,0,1,C++,14821,17281,0.8576
ShareX/ShareX,35818,4534,12.41,774,85,2,C#,6614,7180,0.9212
reworkd/AgentGPT,35786,1067,2.92,541,12,314,TypeScript,337,469,0.7186
fastify/fastify,35768,3448,9.44,3277,309,0,JavaScript,2073,2147,0.9655
doocs/leetcode,35742,2731,7.48,4466,21,0,Java,58,58,1.0
koajs/koa,35740,4614,12.63,541,16,9,JavaScript,914,932,0.9807
mattermost/mattermost,35731,3920,10.73,20567,937,0,TypeScript,8657,9195,0.9415
YunaiV/ruoyi-vue-pro,35712,1870,5.12,73,54,1,Java,742,743,0.9987
XTLS/Xray-core,35704,1946,5.33,1221,106,0,Go,2758,2780,0.9921
amruthpillai/reactive-resume,35644,2175,5.95,730,110,1,TypeScript,1802,1857,0.9704
veggiemonk/awesome-docker,35625,4187,11.46,991,1,9,Makefile,136,143,0.951
jondot/awesome-react-native,35622,4000,10.95,912,0,612,JavaScript,37,75,0.4933
umami-software/umami,35598,2061,5.64,871,106,0,TypeScript,1981,2075,0.9547
airbnb/lottie-android,35597,3440,9.42,720,63,21,Java,1752,1800,0.9733
junegunn/vim-plug,35581,4563,12.49,179,8,19,Vim Script,972,1041,0.9337
xyflow/xyflow,35557,2429,6.65,1468,369,0,TypeScript,2274,2366,0.9611
ueberdosis/tiptap,35531,2757,7.55,1506,951,3,TypeScript,2714,3526,0.7697
alvarotrigo/fullPage.js,35488,4553,12.47,327,109,5,JavaScript,4043,4152,0.9737
vadimdemedes/ink,35450,3192,8.74,293,72,0,TypeScript,397,410,0.9683
nativefier/nativefier,35359,3900,10.68,261,99,892,TypeScript,982,1237,0.7939
solidjs/solid,35351,2876,7.87,395,36,3,TypeScript,1025,1125,0.9111
sahat/hackathon-starter,35213,4499,12.32,454,18,0,JavaScript,717,718,0.9986
DioxusLabs/dioxus,35206,1879,5.14,1969,33,7,Rust,1857,2450,0.758
hashicorp/vault,35181,4030,11.03,21325,176,0,Go,5291,6504,0.8135
unknwon/the-way-to-go_ZH_CN,35157,4733,12.96,592,0,572,Go,0,0,
LizardByte/Sunshine,35096,1544,4.23,1738,45,0,C++,1109,1187,0.9343
bumptech/glide,35037,4626,12.67,605,54,11,Java,3935,4517,0.8712
jax-ml/jax,35034,2691,7.37,17835,134,0,Python,5193,6879,0.7549
pbatard/rufus,35030,5223,14.3,1,88,0,C,2619,2629,0.9962
zsh-users/zsh-autosuggestions,34971,4517,12.37,116,0,258,Shell,458,620,0.7387
TriliumNext/Trilium,34966,3212,8.79,1836,349,0,TypeScript,4326,5198,0.8322
typicode/husky,34847,4277,11.71,262,80,30,JavaScript,1031,1111,0.928
netty/netty,34844,5599,15.33,5075,0,0,Java,6282,6850,0.9171
geekcomputers/Python,34807,5213,14.27,2017,0,0,Python,159,530,0.3
fxsjy/jieba,34789,4909,13.44,96,9,565,Python,231,875,0.264
BVLC/caffe,34775,4560,12.48,1087,14,585,C++,3903,4801,0.813
RVC-Project/Retrieval-based-Voice-Conversion-WebUI,34732,1078,2.95,477,7,470,Python,1314,1997,0.658
mouredev/Hello-Python,34718,1314,3.6,0,0,210,Python,404,428,0.9439
Textualize/textual,34704,1796,4.92,2283,212,0,Python,2157,2352,0.9171
ryanhanwu/How-To-Ask-Questions-The-Smart-Way,34674,3999,10.95,98,0,431,JavaScript,20,30,0.6667
ashishps1/awesome-system-design-resources,34667,866,2.37,3,0,20,Java,26,31,0.8387
koala73/worldmonitor,34631,60,0.16,860,43,0,TypeScript,167,237,0.7046
alan2207/bulletproof-react,34598,1744,4.77,70,0,176,TypeScript,77,117,0.6581
xinntao/Real-ESRGAN,34569,1694,4.64,21,10,580,Python,174,753,0.2311
laravel/framework,34569,4805,13.16,17582,911,0,PHP,19104,19154,0.9974
anthropics/claude-cookbooks,34560,936,2.56,147,0,4,Jupyter Notebook,132,133,0.9925
danny-avila/LibreChat,34472,1121,3.07,2917,80,0,TypeScript,3957,4197,0.9428
google/langextract,34467,243,0.67,78,12,12,Python,92,180,0.5111
hyprwm/Hyprland,34427,1453,3.98,2295,107,0,C++,7431,7490,0.9921
directus/directus,34419,4835,13.24,8553,357,0,TypeScript,9403,9752,0.9642
jaredpalmer/formik,34384,3189,8.73,836,200,119,TypeScript,1562,2268,0.6887
python-poetry/poetry,34360,2931,8.02,2428,147,2,Python,5813,6319,0.9199
mpv-player/mpv,34359,4895,13.4,3796,88,0,C,9871,10849,0.9099
schollz/croc,34333,3065,8.39,287,182,0,Go,562,564,0.9965
pnpm/pnpm,34307,3693,10.11,3038,1000,0,TypeScript,3214,5234,0.6141
nextcloud/server,34284,3567,9.77,30982,405,0,PHP,18369,20856,0.8808
ajeetdsouza/zoxide,34275,2195,6.01,247,37,4,Rust,601,719,0.8359
gchq/CyberChef,34247,3388,9.28,562,451,0,JavaScript,669,1107,0.6043
chenfei-wu/TaskMatrix,34233,1103,3.02,21,0,793,Python,136,357,0.381
facebookresearch/detectron2,34192,2376,6.51,0,10,111,Python,3099,3569,0.8683
refinedev/refine,34192,1874,5.13,4654,1000,0,TypeScript,1716,1726,0.9942
testerSunshine/12306,34187,3218,8.81,31,1,1072,Python,466,690,0.6754
zenorocha/clipboard.js,34177,3824,10.47,117,42,24,JavaScript,618,629,0.9825
1Panel-dev/1Panel,34176,1329,3.64,4731,110,0,Go,5938,6343,0.9362
microsoft/Data-Science-For-Beginners,34165,1832,5.02,454,0,0,Jupyter Notebook,135,136,0.9926
xkcoding/spring-boot-demo,34107,3041,8.33,15,0,593,Java,74,174,0.4253
SeleniumHQ/selenium,34095,4801,13.14,3655,114,0,Java,11019,11136,0.9895
TheAlgorithms/JavaScript,34085,3161,8.65,798,0,2,JavaScript,202,223,0.9058
google-ai-edge/mediapipe,34050,2460,6.74,201,64,0,C++,5184,5617,0.9229
atlassian/react-beautiful-dnd,34047,3134,8.58,531,68,203,JavaScript,1047,1619,0.6467
asgeirtj/system_prompts_leaks,34047,310,0.85,20,0,3,HTML,0,0,
anoma/anoma,34027,1861,5.1,897,12,0,Elixir,630,713,0.8836
qishibo/AnotherRedisDesktopManager,34007,2617,7.16,152,53,144,JavaScript,937,1102,0.8503
ehang-io/nps,33939,2682,7.34,74,59,648,Go,698,1206,0.5788
TheAlgorithms/C-Plus-Plus,33917,3523,9.65,705,0,149,C++,323,331,0.9758
jqlang/jq,33890,4981,13.64,685,15,0,C,1963,2322,0.8454
zxing/zxing,33877,5262,14.41,345,32,33,Java,1336,1340,0.997
harness/harness,33867,4413,12.08,1053,55,2,Go,1937,2017,0.9603
CMU-Perceptual-Computing-Lab/openpose,33840,3241,8.87,174,15,583,C++,1667,2007,0.8306
halfrost/LeetCode-Go,33813,3156,8.64,178,4,453,Go,64,82,0.7805
Pythagora-io/gpt-pilot,33806,936,2.56,396,0,119,Python,314,553,0.5678
filebrowser/filebrowser,33766,3831,10.49,771,130,0,Go,2877,2900,0.9921
alibaba/easyexcel,33762,2953,8.08,190,14,496,Java,3131,3620,0.8649
Blankj/AndroidUtilCode,33709,3508,9.6,88,117,571,Java,1284,1596,0.8045
lllyasviel/ControlNet,33703,1132,3.1,5,0,743,Python,138,574,0.2404
AFNetworking/AFNetworking,33686,5395,14.77,710,40,1146,Objective-C,0,0,
thedotmack/claude-mem,33677,189,0.52,213,212,0,TypeScript,625,676,0.9246
ZuodaoTech/everyone-can-use-english,33673,2551,6.98,462,48,34,TypeScript,376,470,0.8
sxyazi/yazi,33648,975,2.67,1132,30,2,Rust,1654,1700,0.9729
carbon-language/carbon-lang,33637,2141,5.86,5050,607,0,C++,618,797,0.7754
shadowsocks/shadowsocks,33629,5071,13.88,70,2,707,Python,0,0,
XX-net/XX-Net,33453,4071,11.15,363,390,16,Python,5418,13340,0.4061
lib-pku/libpku,33364,2664,7.29,22,0,1524,TeX,32,43,0.7442
v2fly/v2ray-core,33363,2520,6.9,981,122,0,Go,1057,1080,0.9787
IceWhaleTech/CasaOS,33363,1625,4.45,275,97,215,Go,898,1678,0.5352
khoj-ai/khoj,33305,1666,4.56,487,170,3,Python,487,570,0.8544
swc-project/swc,33287,2999,8.21,5902,780,0,Rust,3737,4111,0.909
explosion/spaCy,33287,4267,11.68,3598,133,0,Python,5585,5742,0.9727
bayandin/awesome-awesomeness,33279,4262,11.67,197,0,644,Ruby,52,70,0.7429
balena-io/etcher,33258,3786,10.37,1731,289,223,TypeScript,1850,2462,0.7514
keycloak/keycloak,33210,4633,12.68,19287,102,0,Java,15358,17617,0.8718
pcottle/learnGitBranching,33203,4955,13.57,652,0,1,JavaScript,478,531,0.9002
drizzle-team/drizzle-orm,33194,1719,4.71,660,170,0,TypeScript,2242,3469,0.6463
utmapp/UTM,33160,2523,6.91,277,128,9,Swift,2610,3587,0.7276
wailsapp/wails,33159,2640,7.23,1690,292,2,Go,2092,2321,0.9013
anthropics/prompt-eng-interactive-tutorial,33126,706,1.93,1,0,8,Jupyter Notebook,4,35,0.1143
bilibili/ijkplayer,33125,4662,12.76,35,0,573,C,2547,5384,0.4731
adobe/brackets,33106,5205,14.25,4332,69,1366,JavaScript,7066,9683,0.7297
immutable-js/immutable-js,33098,4268,11.69,622,93,3,TypeScript,1172,1267,0.925
mckaywrigley/chatbot-ui,33081,1094,3.0,281,0,583,TypeScript,817,1002,0.8154
aquasecurity/trivy,33039,2524,6.91,3498,85,3,Go,2865,3031,0.9452
gulpjs/gulp,33013,4631,12.68,412,24,28,JavaScript,1907,1937,0.9845
derailed/k9s,33008,2599,7.12,965,257,1,Go,2098,2284,0.9186
TabbyML/tabby,32997,1089,2.98,3001,249,6,Rust,753,991,0.7598
SerenityOS/serenity,32989,2653,7.26,19928,0,0,C++,3572,4293,0.8321
AdguardTeam/AdGuardHome,32986,3533,9.67,125,229,3,Go,4698,5924,0.793
huggingface/diffusers,32970,1379,3.78,5527,89,0,Python,4634,5240,0.8844
ruvnet/RuView,32969,275,0.75,35,6,0,Rust,81,94,0.8617
chen08209/FlClash,32948,937,2.57,2,102,0,Dart,1002,1623,0.6174
GyulyVGC/sniffnet,32936,1316,3.6,488,16,0,Rust,270,317,0.8517
firecracker-microvm/firecracker,32906,3063,8.39,3432,85,0,Rust,1435,1487,0.965
shadowsocks/ShadowsocksX-NG,32905,3559,9.74,64,30,496,Swift,1051,1360,0.7728
certbot/certbot,32891,4135,11.32,4079,68,2,Python,5391,5522,0.9763
ocrmypdf/OCRmyPDF,32885,4462,12.22,169,52,0,Python,1185,1322,0.8964
nothings/stb,32882,4306,11.79,291,0,4,C,717,940,0.7628
KeygraphHQ/shannon,32882,163,0.45,60,0,1,TypeScript,70,80,0.875
fish-shell/fish-shell,32878,5051,13.83,2192,62,6,Rust,7522,8018,0.9381
zeromicro/go-zero,32781,2040,5.59,2435,149,2,Go,1790,1956,0.9151
backstage/backstage,32764,2235,6.12,20416,496,0,TypeScript,7181,7484,0.9595
openai/CLIP,32747,1909,5.23,29,0,19,Jupyter Notebook,192,443,0.4334
google/comprehensive-rust,32713,1174,3.21,2403,0,0,Rust,242,362,0.6685
block/goose,32711,562,1.54,4311,123,0,Rust,1540,1821,0.8457
alibaba/nacos,32705,2824,7.73,3344,89,0,Java,9280,9489,0.978
stanfordnlp/dspy,32662,1154,3.16,1472,106,0,Python,1239,1516,0.8173
qier222/YesPlayMusic,32640,1977,5.41,292,32,50,Vue,1200,1834,0.6543
MonitorControl/MonitorControl,32625,3095,8.47,220,26,28,Swift,994,1010,0.9842
binarywang/WxJava,32609,3715,10.17,1186,31,0,Java,2453,2460,0.9972
restic/restic,32585,4334,11.87,2318,49,8,Go,2469,2917,0.8464
lutzroeder/netron,32543,5552,15.2,1,6,0,JavaScript,1237,1254,0.9864
remix-run/remix,32531,1959,5.36,3662,357,2,TypeScript,2659,2694,0.987
floating-ui/floating-ui,32478,3632,9.94,1209,506,6,TypeScript,1444,1477,0.9777
open-mmlab/mmdetection,32464,2756,7.55,2358,53,565,Python,6753,8524,0.7922
yewstack/yew,32462,3005,8.23,1888,38,0,Rust,1175,1269,0.9259
glanceapp/glance,32440,680,1.86,110,33,89,Go,294,507,0.5799
ItzCrazyKns/Vane,32429,699,1.91,83,33,0,TypeScript,433,615,0.7041
beego/beego,32428,5122,14.02,1328,43,0,Go,3380,3382,0.9994
k3s-io/k3s,32386,2839,7.77,4468,957,0,Go,7279,7388,0.9852
vercel/swr,32333,2324,6.36,816,126,10,TypeScript,831,973,0.8541
datalab-to/marker,32300,860,2.35,228,71,4,Python,324,651,0.4977
medusajs/medusa,32285,2242,6.14,8412,146,0,TypeScript,3595,3663,0.9814
lizongying/my-tv,32245,826,2.26,11,72,627,C,777,921,0.8436
Lissy93/web-check,32236,988,2.7,53,1,36,TypeScript,65,136,0.4779
0xAX/linux-insides,32225,4082,11.18,620,0,1,Python,168,191,0.8796
labstack/echo,32223,4026,11.02,629,116,13,Go,1441,1489,0.9678
google/material-design-lite,32215,4071,11.15,655,14,363,HTML,1814,2204,0.823
yunjey/pytorch-tutorial,32208,3286,9.0,28,0,937,Python,114,180,0.6333
apache/kafka,32184,5320,14.57,12793,0,0,Java,0,0,
facebookresearch/fairseq,32182,3114,8.53,236,16,160,Python,3060,4260,0.7183
frappe/erpnext,32144,5388,14.75,28748,1000,0,Python,15816,17763,0.8904
PDFMathTranslate/PDFMathTranslate,32139,549,1.5,136,24,104,Python,732,858,0.8531
linera-io/linera-protocol,32136,1541,4.22,3558,31,0,Rust,903,1452,0.6219
cockroachdb/cockroach,32037,4414,12.08,72900,0,0,Go,75896,82535,0.9196
NginxProxyManager/nginx-proxy-manager,32022,3000,8.21,683,86,0,TypeScript,2365,3193,0.7407
nicolargo/glances,32006,5209,14.26,773,56,0,Python,2037,2162,0.9422
lovell/sharp,31992,4584,12.55,311,107,1,JavaScript,3912,4030,0.9707
casey/just,31940,3552,9.72,1376,131,0,Rust,1009,1353,0.7458
PostHog/posthog,31940,2236,6.12,34792,86,0,Python,6365,9101,0.6994
hasura/graphql-engine,31914,2821,7.72,2110,300,0,TypeScript,4165,6410,0.6498
dokku/dokku,31898,4657,12.75,4529,317,0,Shell,2818,2844,0.9909
niklasvh/html2canvas,31811,5350,14.65,186,45,599,TypeScript,1664,2633,0.632
Chanzhaoyu/chatgpt-web,31797,1124,3.08,159,43,570,Vue,1746,1746,1.0
valinet/ExplorerPatcher,31791,1673,4.58,19,296,125,C,2359,2662,0.8862
microsoft/MS-DOS,31762,2813,7.7,37,0,682,Assembly,0,0,
kovidgoyal/kitty,31758,3431,9.39,1246,132,0,Python,6662,6671,0.9987
continuedev/continue,31742,1020,2.79,3900,803,0,TypeScript,4521,5642,0.8013
airbnb/lottie-web,31738,4034,11.04,136,0,189,JavaScript,2128,2908,0.7318
moeru-ai/airi,31734,463,1.27,677,52,0,TypeScript,264,317,0.8328
amix/vimrc,31719,5032,13.78,107,0,519,Vim Script,510,523,0.9751
vbenjs/vue-vben-admin,31697,2067,5.66,1749,61,2,Vue,3824,3904,0.9795
TauricResearch/TradingAgents,31674,436,1.19,19,1,12,Python,33,197,0.1675
ReactiveX/rxjs,31652,4012,10.98,2588,2,378,TypeScript,2942,3165,0.9295
facebook/rocksdb,31616,4847,13.27,620,212,2,C++,2650,3502,0.7567
codex-team/editor.js,31588,3753,10.28,870,107,3,TypeScript,937,1540,0.6084
ianstormtaylor/slate,31580,3551,9.72,1980,210,5,TypeScript,2549,3228,0.7897
patchy631/ai-engineering-hub,31578,504,1.38,62,0,10,Jupyter Notebook,14,44,0.3182
numpy/numpy,31578,5655,15.48,13938,140,0,Python,11730,13824,0.8485
kubernetes/minikube,31561,3614,9.89,9396,154,6,Go,9940,10453,0.9509
shardeum/shardeum,31560,691,1.89,326,0,175,TypeScript,35,40,0.875
tinygrad/tinygrad,31528,1968,5.39,10547,14,0,Python,959,1083,0.8855
OWASP/CheatSheetSeries,31514,2635,7.21,1199,0,3,Python,580,630,0.9206
MHSanaei/3x-ui,31510,1123,3.07,642,102,1,HTML,2279,2696,0.8453
conductor-oss/conductor,31507,822,2.25,345,33,0,Java,146,248,0.5887
OpenBMB/ChatDev,31487,924,2.53,136,11,10,Python,273,304,0.898
surrealdb/surrealdb,31476,1551,4.25,2615,121,0,Rust,1791,2386,0.7506
Dokploy/dokploy,31461,689,1.89,1347,149,0,TypeScript,1289,1675,0.7696
raysan5/raylib,31455,4519,12.37,2451,24,0,C,2129,2129,1.0
tokio-rs/tokio,31436,3467,9.49,3805,141,0,Rust,2292,2616,0.8761
influxdata/influxdb,31391,4547,12.45,10939,95,3,Rust,12121,14171,0.8553
coolsnowwolf/lede,31343,3106,8.5,2051,7,4,C,8508,9328,0.9121
microsoft/graphrag,31327,712,1.95,721,36,2,Python,772,803,0.9614
microsoft/WSL,31323,3624,9.92,552,97,0,C++,11152,12076,0.9235
HKUDS/nanobot,31294,36,0.1,239,9,0,Python,126,543,0.232
alpinejs/alpine,31292,2293,6.28,694,146,9,HTML,613,613,1.0
mathiasbynens/dotfiles,31263,5299,14.51,44,0,580,Shell,255,393,0.6489
donnemartin/interactive-coding-challenges,31228,3967,10.86,176,0,669,Python,32,69,0.4638
SagerNet/sing-box,31209,1348,3.69,193,501,0,Go,2803,2967,0.9447
parallax/jsPDF,31173,5937,16.25,753,41,6,JavaScript,2485,2588,0.9602
motiondivision/motion,31162,2670,7.31,1197,0,0,TypeScript,1745,1917,0.9103
DevToys-app/DevToys,31058,1622,4.44,501,39,12,C#,664,979,0.6782
docsifyjs/docsify,31040,3396,9.3,783,16,0,JavaScript,1230,1311,0.9382
SortableJS/Sortable,31027,4463,12.22,248,31,25,JavaScript,1346,1825,0.7375
tqdm/tqdm,31014,3932,10.77,289,133,23,Python,594,1039,0.5717
fabricjs/fabric.js,30996,5751,15.75,2430,181,0,TypeScript,5782,6205,0.9318
pear-devs/pear-desktop,30995,2516,6.89,1630,87,3,TypeScript,1380,1962,0.7034
eriklindernoren/ML-From-Scratch,30985,3319,9.09,9,0,876,Python,37,78,0.4744
symfony/symfony,30971,5908,16.18,25605,603,0,PHP,21437,21788,0.9839
containers/podman,30949,3050,8.35,12221,236,0,Go,9562,10476,0.9128
iawia002/lux,30934,2935,8.04,304,86,70,Go,549,1074,0.5112
Lightning-AI/pytorch-lightning,30911,2535,6.94,9341,172,0,Python,6662,7499,0.8884
ascoders/weekly,30893,3276,8.97,136,193,546,JavaScript,366,370,0.9892
microsoft/calculator,30870,2597,7.11,913,0,75,C++,728,1147,0.6347
alibaba/p3c,30826,3181,8.71,62,0,580,Kotlin,698,859,0.8126
webtorrent/webtorrent,30820,4528,12.4,970,229,5,JavaScript,1608,1675,0.96
seaweedfs/seaweedfs,30818,4256,11.65,3690,289,0,Go,2918,3545,0.8231
blueimp/jQuery-File-Upload,30807,5577,15.27,119,0,1019,PHP,3256,3305,0.9852
aristocratos/btop,30798,1767,4.84,372,54,5,C++,481,905,0.5315
wshobson/agents,30794,227,0.62,53,0,2,Python,58,59,0.9831
AMAI-GmbH/AI-Expert-Roadmap,30788,1961,5.37,14,0,178,JavaScript,54,70,0.7714
mantinedev/mantine,30764,1887,5.17,1591,291,0,TypeScript,3427,3456,0.9916
blakeblackshear/frigate,30728,2599,7.12,3747,76,0,TypeScript,5803,5889,0.9854
transloadit/uppy,30666,3766,10.31,3276,392,0,TypeScript,2351,2520,0.9329
refined-github/refined-github,30656,3675,10.06,3608,186,0,TypeScript,4611,4704,0.9802
ityouknow/spring-boot-examples,30643,3411,9.34,7,0,842,Java,100,110,0.9091
iperov/DeepFaceLive,30604,1910,5.23,13,35,486,Python,143,144,0.9931
s0md3v/roop,30548,1016,2.78,82,6,567,Python,0,0,
layui/layui,30542,3821,10.46,673,173,1,JavaScript,1399,1454,0.9622
dgtlmoon/changedetection.io,30514,1867,5.11,1056,203,0,Python,1327,1621,0.8186
VSCodium/vscodium,30411,2765,7.57,633,267,0,Shell,1510,1646,0.9174
ValveSoftware/Proton,30368,2917,7.99,13,76,0,C++,4059,9032,0.4494
VincentGarreau/particles.js,30353,4202,11.5,21,6,711,JavaScript,107,413,0.2591
sequelize/sequelize,30349,5709,15.63,5023,490,1,TypeScript,9522,10425,0.9134
chinabugotech/hutool,30342,4348,11.9,515,156,2,Java,3090,3092,0.9994
pmndrs/react-three-fiber,30333,2569,7.03,690,131,5,TypeScript,1166,1172,0.9949
trailofbits/algo,30329,3585,9.82,686,4,5,Python,1585,1650,0.9606
facebook/folly,30277,5028,13.77,13,281,0,C++,943,1249,0.755
tatsu-lab/stanford_alpaca,30271,1094,3.0,6,0,600,Python,98,268,0.3657
jobbole/awesome-python-cn,30263,3779,10.35,51,0,1288,Makefile,18,35,0.5143
songquanpeng/one-api,30263,1052,2.88,287,55,59,JavaScript,897,1798,0.4989
openai/openai-python,30243,1960,5.37,1053,369,0,Python,1043,1206,0.8648
cfenollosa/os-tutorial,30225,4179,11.44,11,0,33,C,106,182,0.5824
AvaloniaUI/Avalonia,30214,4476,12.25,5658,120,0,C#,6492,8326,0.7797
spf13/viper,30212,4359,11.93,520,35,55,Go,923,931,0.9914
cheeriojs/cheerio,30173,5265,14.41,3123,62,0,TypeScript,1210,1231,0.9829
telegramdesktop/tdesktop,30133,4329,11.85,1859,830,0,C++,14897,15796,0.9431
dragonflydb/dragonfly,30130,1549,4.24,4001,114,0,C++,1859,2138,0.8695
grafana/k6,30073,3640,9.97,2460,85,0,Go,1836,2566,0.7155
jumpserver/jumpserver,30054,4266,11.68,7872,264,0,Python,7582,7647,0.9915
sunface/rust-course,30043,2771,7.59,813,0,0,Rust,154,219,0.7032
vercel/turborepo,29972,1616,4.42,7201,690,0,Rust,1946,2054,0.9474
StevenBlack/hosts,29971,5078,13.9,507,833,2,Python,2073,2208,0.9389
xuxueli/xxl-job,29965,3754,10.28,124,42,26,Java,3197,3340,0.9572
kingToolbox/WindTerm,29961,2342,6.41,1,32,362,C,587,2918,0.2012
encode/django-rest-framework,29930,5486,15.02,3108,21,5,Python,3907,3946,0.9901
square/leakcanary,29909,3966,10.86,933,43,3,Kotlin,1514,1656,0.9143
ageron/handson-ml2,29907,2617,7.16,65,0,14,Jupyter Notebook,304,518,0.5869
GoogleChrome/lighthouse,29893,3653,10.0,5564,130,0,JavaScript,8772,9259,0.9474
zellij-org/zellij,29831,2015,5.52,1395,65,0,Rust,1197,2532,0.4727
hashicorp/consul,29788,4507,12.34,14142,256,0,Go,4285,5580,0.7679
apolloconfig/apollo,29779,3657,10.01,1498,42,12,Java,3258,3399,0.9585
foundation/foundation-sites,29760,5260,14.4,2958,79,411,HTML,8179,8240,0.9926
iced-rs/iced,29756,2428,6.65,1161,18,4,Rust,964,1309,0.7364
nvim-lua/kickstart.nvim,29746,1354,3.71,265,0,9,Lua,637,670,0.9507
qarmin/czkawka,29738,2015,5.52,469,40,2,Rust,694,1118,0.6208
openssl/openssl,29707,4800,13.14,145,297,2,C,9973,11184,0.8917
filamentphp/filament,29694,2181,5.97,5806,823,0,PHP,3306,3327,0.9937
nginx/nginx,29686,3912,10.71,157,14,0,C,252,476,0.5294
sampotts/plyr,29639,4041,11.06,393,93,65,JavaScript,1225,2116,0.5789
